FullName,Email,Age
Helen Randy,helenrandy@sample.com,47
Jeffrey Katherine,jeffreykatherine@yahoo.com,22
Joe Patricia,joepatricia@gmail.com,25
Terry Kimberly,terrykimberly@yahoo.com,34
Emily Dorothy,emilydorothy@sample.com,24
Ethan Austin,ethanaustin@yahoo.com,33
Carol Laura,carollaura@test.com,20
John Brian,johnbrian@mail.com,41
Eric Melissa,ericmelissa@gmail.com,48
Julia Rachel,juliarachel@yahoo.com,48
Alice Julia,alicejulia@example.com,47
Pamela Betty,pamelabetty@mail.com,21
Laura Nicholas,lauranicholas@webmail.com,30
Andrew Eva,andreweva@domain.com,28
Charles Linda,charleslinda@sample.com,59
Randy Frank,randyfrank@random.com,19
Stephen Helen,stephenhelen@test.com,61
Joe Doris,joedoris@example.com,42
Matthew Ronald,matthewronald@demo.com,47
William Melissa,williammelissa@random.com,49
Linda Ann,lindaann@mail.com,21
Stephen James,stephenjames@mail.com,43
Steven Matthew,stevenmatthew@sample.com,32
Eric Nancy,ericnancy@demo.com,46
Steven Timothy,steventimothy@mail.com,57
Karen Donald,karendonald@sample.com,41
Andrew Mildred,andrewmildred@mail.com,51
Aaron Christopher,aaronchristopher@random.com,64
Linda Mildred,lindamildred@example.com,29
Mark Jason,markjason@test.com,33
Jeffrey Emily,jeffreyemily@demo.com,26
Justin Stephen,justinstephen@gmail.com,49
Larry Barbara,larrybarbara@demo.com,19
Gloria Katherine,gloriakatherine@test.com,42
Judith Daniel,judithdaniel@random.com,39
Kyle Emily,kyleemily@mail.com,58
Barbara Eva,barbaraeva@example.com,42
Sandra Melissa,sandramelissa@mail.com,55
Thomas Amanda,thomasamanda@gmail.com,64
Melissa Barbara,melissabarbara@gmail.com,30
Ronald Mildred,ronaldmildred@domain.com,27
Matthew Doris,matthewdoris@yahoo.com,44
Edward Jeffrey,edwardjeffrey@mail.com,27
Joseph Heather,josephheather@test.com,27
Joseph Christopher,josephchristopher@example.com,45
Gary Christopher,garychristopher@mail.com,25
Raymond Anthony,raymondanthony@gmail.com,57
Donna Heather,donnaheather@mail.com,59
Raymond Thomas,raymondthomas@example.com,25
Dorothy Virginia,dorothyvirginia@sample.com,21
Christopher Betty,christopherbetty@mail.com,20
Anthony Sarah,anthonysarah@yahoo.com,63
George George,georgegeorge@test.com,24
Doris Karen,doriskaren@sample.com,43
Timothy Amanda,timothyamanda@gmail.com,54
Sarah Jacob,sarahjacob@demo.com,40
Charles Terry,charlesterry@random.com,44
Cheryl Karen,cherylkaren@gmail.com,31
Stephen Jeffrey,stephenjeffrey@demo.com,51
Ethan Ann,ethanann@webmail.com,62
Christopher Aaron,christopheraaron@demo.com,44
Judith Eric,juditheric@yahoo.com,47
Eva Stephen,evastephen@random.com,44
Dorothy Kathleen,dorothykathleen@yahoo.com,42
Doris Pamela,dorispamela@example.com,56
Michael Gloria,michaelgloria@domain.com,19
Rachel Albert,rachelalbert@demo.com,54
Kathleen Michael,kathleenmichael@demo.com,58
Melissa Anthony,melissaanthony@random.com,31
Barbara Timothy,barbaratimothy@example.com,55
Karen Ethan,karenethan@gmail.com,31
Jeffrey Jacob,jeffreyjacob@example.com,22
Aaron Donald,aarondonald@gmail.com,43
Aaron Michelle,aaronmichelle@example.com,44
Helen Mark,helenmark@mail.com,34
Elizabeth Charles,elizabethcharles@example.com,31
Martha Heather,marthaheather@mail.com,41
Harry Brian,harrybrian@webmail.com,24
Carol Richard,carolrichard@gmail.com,49
David Ryan,davidryan@random.com,56
Donna Lisa,donnalisa@random.com,34
Jason Jason,jasonjason@webmail.com,36
Rachel Donald,racheldonald@test.com,32
Charles Susan,charlessusan@test.com,61
Sandra Kimberly,sandrakimberly@mail.com,60
George Mark,georgemark@mail.com,50
Raymond Sandra,raymondsandra@random.com,38
Jeffrey Mildred,jeffreymildred@random.com,18
Gary Frank,garyfrank@test.com,47
Michelle Laura,michellelaura@webmail.com,32
Jeffrey Betty,jeffreybetty@example.com,40
Joshua Joe,joshuajoe@webmail.com,42
Pamela Jessica,pamelajessica@webmail.com,40
Jacob Harry,jacobharry@yahoo.com,55
Pamela Kyle,pamelakyle@webmail.com,44
Gary Terry,garyterry@yahoo.com,26
Katherine David,katherinedavid@random.com,30
Randy Ann,randyann@demo.com,25
Gloria Ashley,gloriaashley@domain.com,19
Joshua Stephanie,joshuastephanie@gmail.com,51
Matthew Joe,matthewjoe@test.com,22
Amanda Michelle,amandamichelle@mail.com,50
Helen Jason,helenjason@yahoo.com,63
Aaron Ashley,aaronashley@test.com,35
Rachel Linda,rachellinda@demo.com,46
Heather Joe,heatherjoe@example.com,37
George Sandra,georgesandra@yahoo.com,59
Carol Joseph,caroljoseph@domain.com,31
Donna Gary,donnagary@example.com,27
Larry Diana,larrydiana@demo.com,56
Stephen Terry,stephenterry@yahoo.com,54
Richard Timothy,richardtimothy@domain.com,23
Daniel Robert,danielrobert@test.com,37
Jeremy Justin,jeremyjustin@demo.com,18
Jennifer Virginia,jennifervirginia@sample.com,19
Doris Martha,dorismartha@mail.com,60
Hannah Robert,hannahrobert@demo.com,44
Jason Dorothy,jasondorothy@sample.com,56
Barbara Mildred,barbaramildred@mail.com,19
Jennifer Mary,jennifermary@test.com,25
Sandra Timothy,sandratimothy@test.com,51
Jacob Nancy,jacobnancy@example.com,44
Donna Virginia,donnavirginia@example.com,28
Austin Alice,austinalice@domain.com,33
Heather Susan,heathersusan@test.com,45
Linda Daniel,lindadaniel@gmail.com,36
George Doris,georgedoris@yahoo.com,35
Jennifer Charles,jennifercharles@demo.com,37
Matthew Michelle,matthewmichelle@domain.com,42
Melissa Thomas,melissathomas@yahoo.com,47
Mary Brian,marybrian@gmail.com,46
Katherine George,katherinegeorge@yahoo.com,29
Martha Brian,marthabrian@random.com,30
Rachel Jason,racheljason@demo.com,39
Aaron Ashley,aaronashley@test.com,33
Helen Barbara,helenbarbara@sample.com,34
Mary Paul,marypaul@random.com,25
Megan Martha,meganmartha@random.com,48
Stephen Joseph,stephenjoseph@test.com,33
Anthony Nicholas,anthonynicholas@sample.com,50
Sandra Kimberly,sandrakimberly@webmail.com,32
Christopher Daniel,christopherdaniel@webmail.com,58
Ethan Donna,ethandonna@gmail.com,56
Jack Joe,jackjoe@yahoo.com,57
Paul Elizabeth,paulelizabeth@yahoo.com,38
Kenneth David,kennethdavid@random.com,47
Terry Michael,terrymichael@domain.com,31
Raymond Amanda,raymondamanda@test.com,28
Matthew Justin,matthewjustin@sample.com,48
Kevin George,kevingeorge@mail.com,63
Sarah Doris,sarahdoris@random.com,64
Elizabeth Frank,elizabethfrank@domain.com,22
Emily Christopher,emilychristopher@random.com,40
Stephanie Virginia,stephanievirginia@demo.com,63
Albert Julia,albertjulia@yahoo.com,64
Anthony Sandra,anthonysandra@sample.com,32
Alice Matthew,alicematthew@random.com,59
Pamela William,pamelawilliam@gmail.com,56
Ryan Rachel,ryanrachel@domain.com,53
Larry Nancy,larrynancy@gmail.com,45
Cheryl Stephen,cherylstephen@random.com,48
Tiffany Martha,tiffanymartha@demo.com,42
Randy Jeremy,randyjeremy@example.com,44
Michael Doris,michaeldoris@webmail.com,35
Gloria Megan,gloriamegan@random.com,48
Sarah Kevin,sarahkevin@yahoo.com,37
Donna Melissa,donnamelissa@random.com,50
Martha Julia,marthajulia@test.com,40
Deborah Charles,deborahcharles@webmail.com,25
David Anthony,davidanthony@yahoo.com,25
Andrew David,andrewdavid@domain.com,59
Daniel Judith,danieljudith@mail.com,58
Katherine Ethan,katherineethan@random.com,26
Jeremy Elizabeth,jeremyelizabeth@gmail.com,47
Timothy Jason,timothyjason@random.com,32
Randy Kevin,randykevin@gmail.com,20
Katherine Pamela,katherinepamela@demo.com,63
George Cheryl,georgecheryl@webmail.com,31
Anthony Emily,anthonyemily@domain.com,29
Virginia Edward,virginiaedward@yahoo.com,58
Laura Pamela,laurapamela@example.com,53
Hannah Jessica,hannahjessica@demo.com,25
Steven Kimberly,stevenkimberly@random.com,51
Charles Nicholas,charlesnicholas@domain.com,55
Amanda Joshua,amandajoshua@webmail.com,39
Timothy Carol,timothycarol@example.com,32
Mary William,marywilliam@mail.com,42
Tiffany Aaron,tiffanyaaron@mail.com,37
Katherine Robert,katherinerobert@random.com,22
Doris Katherine,doriskatherine@random.com,38
Christopher Eva,christophereva@random.com,62
Charles Gloria,charlesgloria@yahoo.com,40
Julia Melissa,juliamelissa@test.com,21
Stephanie George,stephaniegeorge@demo.com,23
Margaret Jacob,margaretjacob@mail.com,27
Jennifer Elizabeth,jenniferelizabeth@mail.com,44
Patricia Jason,patriciajason@test.com,55
Ashley Kenneth,ashleykenneth@webmail.com,57
Paul Matthew,paulmatthew@example.com,56
Edward Matthew,edwardmatthew@gmail.com,43
Aaron Sarah,aaronsarah@yahoo.com,54
Justin Barbara,justinbarbara@webmail.com,37
Christina Deborah,christinadeborah@sample.com,22
John Diana,johndiana@test.com,38
William Kimberly,williamkimberly@example.com,41
Ann Aaron,annaaron@test.com,65
Andrew Cheryl,andrewcheryl@sample.com,58
Nancy Andrew,nancyandrew@domain.com,60
Aaron Gary,aarongary@webmail.com,52
Kyle Steven,kylesteven@test.com,29
Andrew Amanda,andrewamanda@mail.com,36
Michelle Kathleen,michellekathleen@gmail.com,47
Andrew Larry,andrewlarry@test.com,32
Richard Donna,richarddonna@example.com,31
Timothy Jacob,timothyjacob@demo.com,29
Justin Robert,justinrobert@demo.com,29
Frank John,frankjohn@sample.com,59
Stephen Christopher,stephenchristopher@random.com,32
Jessica Rachel,jessicarachel@sample.com,52
Linda Sandra,lindasandra@mail.com,61
Ryan Lisa,ryanlisa@random.com,52
Alice Linda,alicelinda@domain.com,46
Rachel Megan,rachelmegan@test.com,46
Pamela Hannah,pamelahannah@webmail.com,54
Amanda Harry,amandaharry@example.com,45
Linda Jennifer,lindajennifer@yahoo.com,48
Linda Michelle,lindamichelle@yahoo.com,29
Ann William,annwilliam@example.com,35
Melissa Austin,melissaaustin@webmail.com,24
Kimberly Christina,kimberlychristina@demo.com,53
Kyle Megan,kylemegan@demo.com,43
Brian Tiffany,briantiffany@gmail.com,32
Jennifer Kimberly,jenniferkimberly@random.com,42
Lisa Gloria,lisagloria@mail.com,43
Aaron Jason,aaronjason@sample.com,59
Patricia Megan,patriciamegan@demo.com,36
Joshua Kyle,joshuakyle@domain.com,18
Elizabeth Katherine,elizabethkatherine@random.com,43
Elizabeth Larry,elizabethlarry@test.com,61
Dorothy Ann,dorothyann@test.com,63
Ethan Katherine,ethankatherine@sample.com,39
Donald Diana,donalddiana@gmail.com,58
Elizabeth Christine,elizabethchristine@mail.com,23
Heather Timothy,heathertimothy@random.com,36
Hannah Edward,hannahedward@example.com,60
Raymond Christine,raymondchristine@demo.com,22
Mildred Harry,mildredharry@random.com,39
Linda Melissa,lindamelissa@sample.com,44
Jason Edward,jasonedward@test.com,23
Larry Michael,larrymichael@test.com,23
Judith Hannah,judithhannah@gmail.com,37
Christopher Sarah,christophersarah@sample.com,51
Charles Nancy,charlesnancy@demo.com,32
Raymond Patricia,raymondpatricia@mail.com,30
Laura Christina,laurachristina@gmail.com,64
Deborah Donna,deborahdonna@sample.com,21
Edward Christina,edwardchristina@demo.com,42
Melissa Matthew,melissamatthew@test.com,44
Matthew Sandra,matthewsandra@domain.com,32
Dorothy Stephanie,dorothystephanie@domain.com,18
Ethan Lisa,ethanlisa@sample.com,59
Lisa Jeffrey,lisajeffrey@yahoo.com,48
William Pamela,williampamela@mail.com,49
Ashley Helen,ashleyhelen@domain.com,27
Kevin Virginia,kevinvirginia@webmail.com,47
Gary Kimberly,garykimberly@example.com,57
Albert Randy,albertrandy@webmail.com,64
Ethan Kenneth,ethankenneth@demo.com,29
Justin Diana,justindiana@demo.com,34
Tiffany Deborah,tiffanydeborah@mail.com,37
Andrew Betty,andrewbetty@gmail.com,49
Frank Dorothy,frankdorothy@sample.com,57
Richard Barbara,richardbarbara@test.com,27
Joe Jennifer,joejennifer@domain.com,50
Ethan Donald,ethandonald@sample.com,49
Susan Julia,susanjulia@example.com,18
Elizabeth Jack,elizabethjack@gmail.com,60
Aaron Heather,aaronheather@example.com,18
Joseph Ann,josephann@domain.com,29
Carol Stephanie,carolstephanie@example.com,28
Jeremy Gloria,jeremygloria@random.com,64
Diana Randy,dianarandy@yahoo.com,20
Jacob Ashley,jacobashley@yahoo.com,35
Matthew Justin,matthewjustin@demo.com,37
Harry Jeffrey,harryjeffrey@sample.com,44
Martha Austin,marthaaustin@random.com,56
Mildred Elizabeth,mildredelizabeth@gmail.com,47
Thomas Mark,thomasmark@domain.com,21
Jessica Jeremy,jessicajeremy@random.com,50
Anthony Heather,anthonyheather@demo.com,64
Mary Frank,maryfrank@mail.com,21
Jessica Nicholas,jessicanicholas@webmail.com,29
Katherine Kevin,katherinekevin@demo.com,26
Harry Michelle,harrymichelle@test.com,57
Kenneth Robert,kennethrobert@domain.com,54
Heather Donald,heatherdonald@sample.com,19
Elizabeth Kathleen,elizabethkathleen@domain.com,51
Susan Gary,susangary@random.com,53
Frank James,frankjames@gmail.com,27
Katherine Kenneth,katherinekenneth@gmail.com,23
Eva Matthew,evamatthew@sample.com,61
Matthew Doris,matthewdoris@webmail.com,27
Terry Sandra,terrysandra@mail.com,35
Heather Brian,heatherbrian@test.com,34
Aaron Albert,aaronalbert@sample.com,64
Steven Kathleen,stevenkathleen@gmail.com,51
Christine Stephen,christinestephen@domain.com,49
James Ronald,jamesronald@random.com,45
Christine Justin,christinejustin@gmail.com,58
Margaret Helen,margarethelen@yahoo.com,57
Frank Mark,frankmark@gmail.com,18
Amanda Amanda,amandaamanda@domain.com,33
Sarah William,sarahwilliam@test.com,59
Megan Jacob,meganjacob@webmail.com,59
Aaron Tiffany,aarontiffany@mail.com,61
Susan Gary,susangary@domain.com,19
Charles Larry,charleslarry@mail.com,58
Jacob Katherine,jacobkatherine@random.com,62
Daniel Charles,danielcharles@gmail.com,47
Albert Donald,albertdonald@example.com,47
Charles Christopher,charleschristopher@domain.com,54
Jennifer Margaret,jennifermargaret@sample.com,25
Carol James,caroljames@sample.com,35
Helen Melissa,helenmelissa@mail.com,45
Emily Emily,emilyemily@test.com,27
Nancy Donald,nancydonald@gmail.com,48
Robert Jacob,robertjacob@gmail.com,58
Joshua Betty,joshuabetty@example.com,30
Joshua Lisa,joshualisa@random.com,59
Margaret Dorothy,margaretdorothy@gmail.com,56
Rachel Ryan,rachelryan@test.com,44
Jeffrey Lisa,jeffreylisa@sample.com,59
Ethan Eric,ethaneric@webmail.com,30
Gary Mildred,garymildred@gmail.com,25
Jeffrey Daniel,jeffreydaniel@sample.com,49
Ronald Helen,ronaldhelen@sample.com,52
Aaron Brian,aaronbrian@webmail.com,45
Edward Brian,edwardbrian@gmail.com,46
Robert Ashley,robertashley@gmail.com,56
Larry Helen,larryhelen@test.com,60
Emily Emily,emilyemily@yahoo.com,26
Margaret Joe,margaretjoe@example.com,46
Andrew John,andrewjohn@demo.com,21
Susan Judith,susanjudith@gmail.com,35
Larry Mary,larrymary@demo.com,31
Melissa Tiffany,melissatiffany@example.com,28
Doris Albert,dorisalbert@webmail.com,55
Barbara Judith,barbarajudith@sample.com,58
Kenneth Joseph,kennethjoseph@demo.com,28
Katherine Megan,katherinemegan@test.com,43
Martha Mark,marthamark@mail.com,40
Dorothy Kevin,dorothykevin@test.com,60
Timothy Michael,timothymichael@random.com,35
Kathleen Joshua,kathleenjoshua@test.com,59
Linda Emily,lindaemily@domain.com,49
Katherine Ronald,katherineronald@example.com,26
William Cheryl,williamcheryl@mail.com,61
Ronald Margaret,ronaldmargaret@gmail.com,22
Gary Richard,garyrichard@example.com,63
Julia Mark,juliamark@sample.com,32
Ann Anthony,annanthony@webmail.com,26
Gloria Brian,gloriabrian@test.com,31
Kyle Heather,kyleheather@gmail.com,50
Ann Donald,anndonald@test.com,22
Ethan Kathleen,ethankathleen@sample.com,36
Robert Elizabeth,robertelizabeth@sample.com,19
Hannah Justin,hannahjustin@demo.com,32
John Julia,johnjulia@mail.com,25
Robert Karen,robertkaren@domain.com,57
Kenneth Raymond,kennethraymond@yahoo.com,53
Richard George,richardgeorge@sample.com,61
Richard Katherine,richardkatherine@webmail.com,51
Edward Brian,edwardbrian@webmail.com,56
Karen William,karenwilliam@test.com,38
Eva Amanda,evaamanda@random.com,37
Eva Martha,evamartha@demo.com,48
Aaron Austin,aaronaustin@mail.com,40
Kathleen Donald,kathleendonald@random.com,29
Barbara Ethan,barbaraethan@random.com,43
Christopher Tiffany,christophertiffany@domain.com,64
Richard Anthony,richardanthony@example.com,30
Donna Kenneth,donnakenneth@demo.com,40
William Linda,williamlinda@domain.com,53
Judith Cheryl,judithcheryl@example.com,49
Timothy Ashley,timothyashley@gmail.com,40
Linda Carol,lindacarol@mail.com,65
Elizabeth Andrew,elizabethandrew@sample.com,52
Doris Kathleen,doriskathleen@gmail.com,50
Betty Betty,bettybetty@sample.com,36
Anthony Sandra,anthonysandra@demo.com,62
Judith Susan,judithsusan@mail.com,33
James Ryan,jamesryan@webmail.com,50
Pamela Justin,pamelajustin@yahoo.com,45
Ronald Amanda,ronaldamanda@domain.com,52
Mark Austin,markaustin@yahoo.com,54
David Sarah,davidsarah@gmail.com,60
Andrew Donald,andrewdonald@webmail.com,57
Kyle Donald,kyledonald@example.com,52
Margaret Daniel,margaretdaniel@sample.com,58
Alice Harry,aliceharry@random.com,30
Katherine Linda,katherinelinda@demo.com,46
Deborah James,deborahjames@test.com,64
Terry Kevin,terrykevin@demo.com,51
Timothy Melissa,timothymelissa@test.com,58
Mildred Linda,mildredlinda@demo.com,19
Carol John,caroljohn@random.com,53
Katherine Steven,katherinesteven@example.com,39
Timothy Mildred,timothymildred@test.com,28
William Virginia,williamvirginia@gmail.com,23
Christopher Christopher,christopherchristopher@sample.com,57
Mary Nicholas,marynicholas@example.com,62
Lisa Karen,lisakaren@test.com,48
Paul Nancy,paulnancy@sample.com,46
Christina Jack,christinajack@test.com,46
Linda Donald,lindadonald@domain.com,61
Deborah Dorothy,deborahdorothy@example.com,33
Harry James,harryjames@gmail.com,41
Daniel Eva,danieleva@webmail.com,25
Gloria Mary,gloriamary@gmail.com,33
Andrew Jason,andrewjason@demo.com,64
Jessica Eric,jessicaeric@mail.com,25
Betty Jason,bettyjason@test.com,48
Anthony Mary,anthonymary@mail.com,47
Matthew Heather,matthewheather@gmail.com,44
Ashley Thomas,ashleythomas@gmail.com,54
Doris Justin,dorisjustin@gmail.com,61
Ashley Michael,ashleymichael@webmail.com,30
John Gloria,johngloria@sample.com,45
Joe Emily,joeemily@test.com,34
Christine Michael,christinemichael@webmail.com,32
Ann Cheryl,anncheryl@random.com,21
Terry Andrew,terryandrew@demo.com,64
Christina Eric,christinaeric@yahoo.com,50
Katherine Katherine,katherinekatherine@example.com,32
Mary Carol,marycarol@example.com,18
Aaron Dorothy,aarondorothy@demo.com,45
Susan Kathleen,susankathleen@gmail.com,22
Justin Patricia,justinpatricia@random.com,37
Hannah Jack,hannahjack@webmail.com,47
Eva William,evawilliam@mail.com,18
Frank Megan,frankmegan@mail.com,57
Helen Joe,helenjoe@example.com,27
Ryan Amanda,ryanamanda@sample.com,39
Virginia Julia,virginiajulia@webmail.com,26
Edward John,edwardjohn@sample.com,27
Robert Ann,robertann@mail.com,53
Susan Jacob,susanjacob@yahoo.com,59
Nancy Patricia,nancypatricia@random.com,52
Laura Dorothy,lauradorothy@demo.com,34
Brian Joshua,brianjoshua@sample.com,60
Robert Mildred,robertmildred@webmail.com,45
Jack Richard,jackrichard@mail.com,64
Anthony Betty,anthonybetty@webmail.com,22
Rachel Sandra,rachelsandra@test.com,60
Gary Dorothy,garydorothy@domain.com,62
Kyle Matthew,kylematthew@test.com,36
Emily Susan,emilysusan@sample.com,36
Robert James,robertjames@example.com,61
Nancy George,nancygeorge@webmail.com,20
Megan Kimberly,megankimberly@webmail.com,31
Richard Ethan,richardethan@gmail.com,23
Sarah John,sarahjohn@webmail.com,33
Sarah Sandra,sarahsandra@test.com,42
Frank William,frankwilliam@mail.com,52
Mark Andrew,markandrew@test.com,51
Donald Nicholas,donaldnicholas@domain.com,51
Nancy Kathleen,nancykathleen@example.com,49
Susan Cheryl,susancheryl@test.com,42
Michael Margaret,michaelmargaret@mail.com,20
Albert Randy,albertrandy@test.com,48
Alice Tiffany,alicetiffany@yahoo.com,19
Emily Albert,emilyalbert@mail.com,32
Susan Nancy,susannancy@gmail.com,19
Ann Margaret,annmargaret@random.com,39
Donna Charles,donnacharles@demo.com,31
Megan Raymond,meganraymond@mail.com,28
Carol Jessica,caroljessica@mail.com,28
Michelle Ryan,michelleryan@demo.com,35
Joseph Timothy,josephtimothy@test.com,28
Julia Austin,juliaaustin@test.com,40
William Dorothy,williamdorothy@webmail.com,59
Katherine Mark,katherinemark@gmail.com,20
Jennifer Raymond,jenniferraymond@webmail.com,30
Martha Cheryl,marthacheryl@sample.com,59
Gary Margaret,garymargaret@webmail.com,46
Stephanie Cheryl,stephaniecheryl@example.com,38
Jeffrey Ryan,jeffreyryan@webmail.com,57
Jeremy Carol,jeremycarol@yahoo.com,20
Harry Martha,harrymartha@demo.com,56
Harry Michelle,harrymichelle@random.com,34
Michelle Albert,michellealbert@mail.com,26
Carol Julia,caroljulia@test.com,30
Steven Steven,stevensteven@demo.com,24
Jeffrey Jason,jeffreyjason@webmail.com,22
Thomas Joe,thomasjoe@demo.com,56
Anthony Barbara,anthonybarbara@test.com,52
Jacob Christopher,jacobchristopher@test.com,44
Thomas George,thomasgeorge@demo.com,61
Karen Doris,karendoris@gmail.com,38
Richard Brian,richardbrian@gmail.com,27
